brand_name,model,price,5G_or_not,processor_brand,num_cores,processor_speed,battery_capacity,fast_charging_available,ram_capacity,internal_memory,screen_size,refresh_rate,num_rear_cameras,os,primary_camera_rear,primary_camera_front,extended_memory_available,resolution_height,resolution_width
apple,Apple iPhone 11,38999,0,bionic,6.0,2.65,3110.0,0,4,64,6.1,60,2,ios,12.0,12.0,0,1792,828
apple,Apple iPhone 11 (128GB),46999,0,bionic,6.0,2.65,3110.0,0,4,128,6.1,60,2,ios,12.0,12.0,0,1792,828
apple,Apple iPhone 11 Pro Max,109900,0,bionic,6.0,2.65,3500.0,1,4,64,6.5,60,3,ios,12.0,12.0,0,2688,1242
apple,Apple iPhone 12,51999,1,bionic,6.0,3.1,2815.0,0,4,64,6.1,60,2,ios,12.0,12.0,0,2532,1170
apple,Apple iPhone 12 (128GB),55999,1,bionic,6.0,3.1,2815.0,0,4,128,6.1,60,2,ios,12.0,12.0,0,2532,1170
apple,Apple iPhone 12 (256GB),67999,1,bionic,6.0,3.1,2815.0,0,4,256,6.1,60,2,ios,12.0,12.0,0,2532,1170
apple,Apple iPhone 12 Mini,40999,1,bionic,6.0,3.1,2227.0,0,4,64,5.4,60,2,ios,12.0,12.0,0,2340,1080
apple,Apple iPhone 12 Mini (128GB),45999,1,bionic,6.0,3.1,2227.0,0,4,128,5.4,60,2,ios,12.0,12.0,0,2340,1080
apple,Apple iPhone 12 Mini (256GB),55999,1,bionic,6.0,3.1,2227.0,0,4,256,5.4,60,2,ios,12.0,12.0,0,2340,1080
apple,Apple iPhone 12 Pro (256GB),119900,1,bionic,6.0,3.1,2815.0,0,6,256,6.1,60,3,ios,12.0,12.0,0,2532,1170
apple,Apple iPhone 12 Pro (512GB),139900,1,bionic,6.0,3.1,2815.0,0,6,512,6.1,60,3,ios,12.0,12.0,0,2532,1170
apple,Apple iPhone 13,62999,1,bionic,6.0,3.22,3240.0,1,4,128,6.1,60,2,ios,12.0,12.0,0,2532,1170
apple,Apple iPhone 13 (256GB),72999,1,bionic,6.0,3.22,3240.0,1,4,256,6.1,60,2,ios,12.0,12.0,0,2532,1170
apple,Apple iPhone 13 (512GB),91999,1,bionic,6.0,3.22,3240.0,1,4,512,6.1,60,2,ios,12.0,12.0,0,2532,1170
apple,Apple iPhone 13 Mini,64900,1,bionic,6.0,3.22,2438.0,1,4,128,5.4,60,2,ios,12.0,12.0,0,2340,1080
apple,Apple iPhone 13 Pro,119900,1,bionic,6.0,3.22,3095.0,1,6,128,6.1,120,3,ios,12.0,12.0,0,2532,1170
apple,Apple iPhone 13 Pro (1TB),147900,1,bionic,6.0,3.22,3095.0,1,6,1024,6.1,120,3,ios,12.0,12.0,0,2532,1170
apple,Apple iPhone 13 Pro (256GB),129900,1,bionic,6.0,3.22,3095.0,1,6,256,6.1,120,3,ios,12.0,12.0,0,2532,1170
apple,Apple iPhone 13 Pro Max,129900,1,bionic,6.0,3.22,4352.0,1,6,128,6.7,120,3,ios,12.0,12.0,0,2778,1284
apple,Apple iPhone 13 Pro Max (1TB),179900,1,bionic,6.0,3.22,4352.0,1,6,1024,6.7,120,3,ios,12.0,12.0,0,2778,1284
apple,Apple iPhone 13 Pro Max (256GB),139900,1,bionic,6.0,3.22,4352.0,1,6,256,6.7,120,3,ios,12.0,12.0,0,2778,1284
apple,Apple iPhone 14,65999,1,bionic,6.0,3.22,3279.0,1,6,128,6.1,60,2,ios,12.0,12.0,0,2532,1170
apple,Apple iPhone 14 (256GB),75999,1,bionic,6.0,3.22,3279.0,1,6,256,6.1,60,2,ios,12.0,12.0,0,2532,1170
apple,Apple iPhone 14 (512GB),95999,1,bionic,6.0,3.22,3279.0,1,6,512,6.1,60,2,ios,12.0,12.0,0,2532,1170
apple,Apple iPhone 14 Mini,69990,0,bionic,,,3500.0,1,6,128,5.42,60,2,ios,12.0,12.0,0,2340,1080
apple,Apple iPhone 14 Plus,74999,1,bionic,6.0,3.22,4325.0,1,6,128,6.7,60,2,ios,12.0,12.0,0,2778,1284
apple,Apple iPhone 14 Plus (256GB),84999,1,bionic,6.0,3.22,4325.0,1,6,256,6.7,60,2,ios,12.0,12.0,0,2778,1284
apple,Apple iPhone 14 Plus (512GB),104999,1,bionic,6.0,3.22,4325.0,1,6,512,6.7,60,2,ios,12.0,12.0,0,2778,1284
apple,Apple iPhone 14 Pro,119990,1,bionic,6.0,,3200.0,1,6,128,6.1,120,3,ios,48.0,12.0,0,2556,1179
apple,Apple iPhone 14 Pro (1TB),172999,1,bionic,6.0,,3200.0,1,6,1024,6.1,120,3,ios,48.0,12.0,0,2556,1179
apple,Apple iPhone 14 Pro (256GB),129990,1,bionic,6.0,,3200.0,1,6,256,6.1,120,3,ios,48.0,12.0,0,2556,1179
apple,Apple iPhone 14 Pro Max,129990,1,bionic,6.0,,4323.0,1,6,128,6.7,120,3,ios,48.0,12.0,0,2796,1290
apple,Apple iPhone 14 Pro Max (1TB),182999,1,bionic,6.0,,4323.0,1,6,1024,6.7,120,3,ios,48.0,12.0,0,2796,1290
apple,Apple iPhone 14 Pro Max (256GB),139990,1,bionic,6.0,,4323.0,1,6,256,6.7,120,3,ios,48.0,12.0,0,2796,1290
apple,Apple iPhone 14 Pro Max (512GB),169900,1,bionic,6.0,,4323.0,1,6,512,6.7,120,3,ios,48.0,12.0,0,2796,1290
apple,Apple iPhone 15,82990,0,bionic,,,3285.0,1,6,128,6.06,60,2,ios,50.0,13.0,0,2532,1170
apple,Apple iPhone 15 Plus,84990,1,bionic,6.0,,4532.0,1,8,128,6.71,120,2,ios,12.0,12.0,0,2778,1284
apple,Apple iPhone 15 Pro,130990,1,bionic,,,3650.0,0,8,128,6.06,120,3,ios,50.0,12.0,0,2532,1170
apple,Apple iPhone 15 Pro Max,142990,1,bionic,,,4352.0,1,8,256,6.68,120,3,ios,50.0,12.0,0,2778,1284
apple,Apple iPhone 15 Ultra,149900,1,bionic,8.0,,4700.0,1,8,128,6.73,120,3,ios,48.0,12.0,0,2796,1290
apple,Apple iPhone 7s,52990,0,fusion,4.0,2.37,2230.0,0,3,32,4.7,60,1,ios,13.0,7.0,0,1334,750
apple,Apple iPhone 9,29990,0,bionic,6.0,2.65,2050.0,1,3,64,4.7,60,1,ios,12.0,7.0,0,1334,750
apple,Apple iPhone SE 2020,39900,0,bionic,6.0,2.65,1821.0,1,3,64,4.7,60,1,ios,12.0,7.0,0,1334,750
apple,Apple iPhone SE 3 2022,43900,1,bionic,6.0,3.22,2018.0,0,4,64,4.7,60,1,ios,12.0,7.0,0,1334,750
apple,Apple iPhone SE 4,49990,1,bionic,6.0,3.22,,0,4,64,6.1,60,1,ios,12.0,11.0,0,1580,750
apple,Apple iPhone XR2,71999,0,bionic,,,3060.0,1,4,64,6.1,60,2,ios,12.0,7.0,0,1792,828
oppo,OPPO A1 Pro,20990,1,snapdragon,8.0,2.2,4800.0,1,8,128,6.7,120,2,android,108.0,16.0,1,2412,1080
oppo,Oppo A12,9990,0,helio,8.0,1.8,4230.0,0,3,32,6.22,60,2,android,13.0,5.0,1,720,1520
oppo,OPPO A15,9999,0,helio,8.0,2.3,4230.0,0,3,32,6.52,60,3,android,13.0,5.0,1,1600,720
oppo,Oppo A15s (4GB RAM + 128GB),11490,0,helio,8.0,2.3,4230.0,0,4,128,6.52,60,3,android,13.0,8.0,1,1600,720
oppo,OPPO A16,11999,0,helio,8.0,2.3,5000.0,0,4,64,6.52,60,3,android,13.0,8.0,1,1600,720
oppo,OPPO A16e,8999,0,helio,8.0,2.0,4230.0,0,3,32,6.52,60,1,android,13.0,5.0,1,1600,720
oppo,OPPO A16e (4GB RAM + 64GB),8999,0,helio,8.0,2.0,4230.0,0,4,64,6.52,60,1,android,13.0,5.0,1,1600,720
oppo,OPPO A16K (4GB RAM + 64GB),10999,0,helio,8.0,2.3,4230.0,0,4,64,6.52,60,1,android,13.0,5.0,1,1600,720
oppo,OPPO A17,12499,0,helio,8.0,2.3,5000.0,1,4,64,6.56,60,2,android,50.0,5.0,1,1612,720
oppo,OPPO A17K,9499,0,helio,8.0,2.3,5000.0,0,3,64,6.56,60,1,android,8.0,5.0,1,1612,720
oppo,Oppo A31 2020 (6GB RAM + 128GB),12490,0,helio,8.0,2.3,4230.0,0,6,128,6.5,60,3,android,12.0,8.0,1,1600,720
oppo,OPPO A53 2020 (6GB RAM + 128GB),13990,0,snapdragon,8.0,1.8,5000.0,1,6,128,6.5,90,3,android,13.0,16.0,1,720,1600
oppo,OPPO A54,12199,0,helio,8.0,2.3,5000.0,1,4,64,6.51,60,3,android,13.0,16.0,1,720,1600
oppo,OPPO A54 (4GB RAM + 128GB),11990,0,helio,8.0,2.3,5000.0,1,4,128,6.51,60,3,android,13.0,16.0,1,720,1600
oppo,OPPO A54 (6GB RAM + 128GB),14999,0,helio,8.0,2.3,5000.0,1,6,128,6.51,60,3,android,13.0,16.0,1,720,1600
oppo,OPPO A55 4G,13499,0,helio,8.0,2.3,5000.0,1,4,64,6.51,60,3,android,50.0,16.0,1,1600,720
oppo,OPPO A55 4G (6GB RAM + 128GB),14700,0,helio,8.0,2.3,5000.0,1,6,128,6.51,60,3,android,50.0,16.0,1,1600,720
oppo,OPPO A55 5G,17990,1,dimensity,8.0,2.2,5000.0,0,6,128,6.5,60,3,android,13.0,8.0,1,1600,720
oppo,Oppo A56 5G,17990,1,dimensity,8.0,2.2,5000.0,0,6,128,6.5,60,2,android,13.0,8.0,1,1600,720
oppo,Oppo A56s,12999,1,dimensity,8.0,2.4,5000.0,0,8,128,6.56,60,2,android,13.0,8.0,1,1612,720
oppo,OPPO A57 4G,11990,0,helio,8.0,2.3,5000.0,1,3,64,6.56,60,2,android,13.0,8.0,1,1612,720
oppo,OPPO A57 4G (4GB RAM + 64 GB),13969,0,helio,8.0,2.3,5000.0,1,4,64,6.56,60,2,android,13.0,8.0,1,1612,720
oppo,OPPO A58,18990,1,dimensity,8.0,2.2,5000.0,1,6,128,6.56,90,2,android,50.0,8.0,1,1612,720
oppo,OPPO A58x,13990,1,dimensity,8.0,2.2,5000.0,1,6,128,6.56,90,2,android,13.0,8.0,1,1612,720
oppo,OPPO A73,15990,0,helio,8.0,2.5,3200.0,0,3,32,6.0,60,1,android,13.0,16.0,1,2160,1080
oppo,OPPO A74 5G,15490,1,snapdragon,8.0,2.0,5000.0,1,6,128,6.5,90,3,android,48.0,8.0,1,2400,1080
oppo,OPPO A76,16490,0,snapdragon,8.0,2.4,5000.0,1,6,128,6.56,90,2,android,13.0,8.0,1,1612,720
oppo,OPPO A77,15499,0,helio,8.0,2.3,5000.0,1,4,64,6.56,60,2,android,50.0,8.0,1,1600,720
oppo,OPPO A77 (4GB RAM + 128 GB),15998,0,helio,8.0,2.3,5000.0,1,4,128,6.56,60,2,android,50.0,8.0,1,1600,720
oppo,Oppo A77 5G,21990,1,snapdragon,8.0,2.4,5000.0,1,6,128,6.56,90,2,android,48.0,8.0,1,1600,720
oppo,OPPO A77s,17999,0,snapdragon,8.0,2.4,5000.0,1,8,128,6.56,90,2,android,50.0,8.0,1,1600,720
oppo,Oppo A78,18999,1,dimensity,8.0,2.2,5000.0,1,8,128,6.56,90,2,android,50.0,8.0,1,1612,720
oppo,OPPO A96 4G,17999,0,snapdragon,8.0,2.4,5000.0,1,8,128,6.59,90,2,android,50.0,16.0,1,2412,1080
oppo,Oppo A96 5G,22990,1,snapdragon,8.0,2.2,4500.0,1,8,256,6.43,60,2,android,48.0,16.0,1,2400,1080
oppo,OPPO A97 5G,23990,1,dimensity,8.0,2.4,5000.0,1,12,256,6.56,90,2,android,48.0,8.0,1,2400,1080
oppo,Oppo A98,30990,1,snapdragon,8.0,3.0,5000.0,1,8,128,6.7,120,2,android,108.0,16.0,1,2412,1080
oppo,OPPO F17 Pro,18990,0,helio,8.0,2.2,4015.0,1,8,128,6.43,60,4,android,48.0,16.0,1,2400,1080
oppo,OPPO F19,14990,0,snapdragon,8.0,2.0,5000.0,1,6,128,6.4,60,3,android,48.0,16.0,1,2400,1080
oppo,OPPO F19 Pro,17994,0,helio,8.0,2.2,4310.0,1,8,128,6.43,60,4,android,48.0,16.0,1,2400,1080
oppo,OPPO F19 Pro Plus 5G,19990,1,dimensity,8.0,2.4,4310.0,1,8,128,6.43,60,4,android,48.0,16.0,1,2400,1080
oppo,OPPO F19s,15988,0,snapdragon,8.0,2.0,5000.0,1,6,128,6.43,60,3,android,48.0,16.0,1,2400,1080
oppo,OPPO F21 Pro 4G,20999,0,snapdragon,8.0,2.4,4500.0,1,8,128,6.5,90,3,android,64.0,32.0,1,2400,1080
oppo,OPPO F21 Pro 5G,25969,1,snapdragon,8.0,2.2,4500.0,1,8,128,6.43,60,3,android,64.0,16.0,1,2400,1080
oppo,OPPO F21s Pro,25895,1,snapdragon,8.0,2.2,4500.0,1,8,128,6.43,60,3,android,64.0,16.0,1,2400,1080
oppo,OPPO F21s Pro 4G,21899,0,snapdragon,8.0,2.4,4500.0,1,8,128,6.43,90,3,android,64.0,32.0,1,2400,1080
oppo,OPPO F22 Pro,27660,1,snapdragon,8.0,2.2,4800.0,1,8,128,6.58,120,3,android,64.0,32.0,1,2400,1080
oppo,OPPO F23 Pro,19990,1,snapdragon,8.0,2.2,4500.0,1,8,128,6.5,90,3,android,64.0,32.0,1,2400,1080
oppo,OPPO F23 Pro Plus 5G,27990,1,snapdragon,8.0,2.36,4500.0,1,8,128,6.43,90,4,android,50.0,16.0,1,2460,1080
oppo,Oppo Find N 5G,92249,1,snapdragon,8.0,2.84,4500.0,1,8,256,7.1,120,3,android,50.0,32.0,0,1920,1792
oppo,OPPO Find N Flip,89990,1,dimensity,8.0,3.05,4300.0,1,8,128,6.8,120,2,,50.0,32.0,0,2400,1200
oppo,Oppo Find N Fold,99990,1,snapdragon,8.0,3.2,5000.0,1,8,256,7.1,120,2,other,50.0,,0,1920,1792
oppo,Oppo Find N2 5G,94990,1,snapdragon,8.0,3.2,4520.0,1,12,256,7.1,120,3,,50.0,32.0,0,1920,1792
oppo,OPPO Find N2 Flip,70990,1,dimensity,8.0,3.2,4300.0,1,8,256,6.8,120,2,,50.0,32.0,0,2520,1080
oppo,Oppo Find X3 Pro,50990,1,snapdragon,8.0,2.84,4500.0,1,12,256,6.7,120,4,android,50.0,32.0,0,3216,1440
oppo,Oppo Find X5 Pro 5G,79990,1,snapdragon,8.0,3.0,5000.0,1,8,256,6.7,120,3,android,50.0,32.0,0,3216,1440
oppo,Oppo Find X6,69990,1,snapdragon,8.0,3.2,4700.0,1,8,256,6.73,120,3,android,50.0,32.0,0,2400,1080
oppo,Oppo Find X6 Pro,77990,1,snapdragon,8.0,3.2,4700.0,1,12,256,6.78,120,3,android,50.0,32.0,0,2400,1080
oppo,OPPO K10,13490,0,snapdragon,8.0,2.4,5000.0,1,6,128,6.59,90,3,android,50.0,16.0,1,2412,1080
oppo,OPPO K10 (8GB RAM + 128GB),16990,0,snapdragon,8.0,2.4,5000.0,1,8,128,6.59,90,3,android,50.0,16.0,1,2412,1080
oppo,OPPO K10 5G,16999,1,dimensity,8.0,2.4,5000.0,1,8,128,6.56,90,2,android,48.0,8.0,1,1612,720
oppo,Oppo K10 Pro 5G,29990,1,snapdragon,8.0,2.84,5000.0,1,8,128,6.62,120,3,android,50.0,16.0,0,2400,1080
oppo,Oppo K10x 5G,16990,1,snapdragon,8.0,2.2,5000.0,1,6,128,6.59,120,3,android,64.0,16.0,0,2412,1080
oppo,Oppo K5 (8GB RAM + 128GB),19990,0,snapdragon,8.0,2.2,4000.0,1,8,128,6.4,60,4,android,64.0,32.0,1,2340,1080
oppo,OPPO Reno 10,32999,1,snapdragon,8.0,2.5,5000.0,1,8,256,6.73,120,3,android,50.0,32.0,0,2412,1080
oppo,OPPO Reno 10 Pro,42990,1,dimensity,8.0,3.05,5000.0,1,16,256,6.73,120,2,android,50.0,32.0,0,2412,1080
oppo,Oppo Reno 10 Pro Plus,58990,1,snapdragon,8.0,3.2,4700.0,1,12,256,6.73,120,4,android,64.0,32.0,0,2412,1080
oppo,Oppo Reno 5,29990,1,snapdragon,8.0,2.4,4300.0,1,8,128,6.43,60,4,android,64.0,32.0,0,2400,1080
oppo,Oppo Reno 5 Pro 5G,38700,1,dimensity,8.0,2.6,4350.0,1,8,128,6.53,90,4,android,64.0,32.0,0,2400,1080
oppo,Oppo Reno 5A,22990,1,snapdragon,8.0,2.4,4000.0,1,6,128,6.5,90,4,android,64.0,16.0,1,2400,1080
oppo,OPPO Reno 6,26380,1,dimensity,8.0,2.0,4300.0,1,8,128,6.43,90,3,android,64.0,32.0,0,2400,1080
oppo,OPPO Reno 6 Pro 5G,36760,1,dimensity,8.0,3.0,4500.0,1,12,256,6.55,90,4,android,64.0,32.0,0,2400,1080
oppo,OPPO Reno 6 Pro Plus 5G,44990,1,snapdragon,8.0,3.2,4500.0,1,8,128,6.55,90,4,android,50.0,32.0,0,2400,1080
oppo,OPPO Reno 8 House of Dragon Edition,32990,1,dimensity,8.0,3.0,4500.0,1,8,128,6.43,90,3,android,50.0,32.0,0,2400,1080
oppo,Oppo Reno 8 Pro (8GB RAM + 256GB),42990,1,dimensity,8.0,2.85,4500.0,1,8,256,6.7,120,3,android,50.0,32.0,0,2412,1080
oppo,OPPO Reno 8 Pro 5G,45999,1,dimensity,8.0,2.85,4500.0,1,12,256,6.7,120,3,android,50.0,32.0,0,2412,1080
oppo,OPPO Reno 8 Pro House of Dragon Edition,45999,1,dimensity,8.0,2.85,4500.0,1,12,256,6.7,120,3,android,50.0,32.0,0,2412,1080
oppo,OPPO Reno 8 Z,26990,1,snapdragon,8.0,2.2,4500.0,1,8,256,6.43,60,3,android,64.0,16.0,1,2400,1080
oppo,Oppo Reno 8T,29990,1,snapdragon,8.0,2.2,5000.0,1,8,256,6.67,120,3,android,108.0,16.0,1,2400,1080
oppo,Oppo Reno 8T 4G,19999,0,helio,8.0,2.2,5000.0,1,8,256,6.67,120,3,android,50.0,16.0,1,2400,1080
oppo,OPPO Reno 9 5G,28499,1,snapdragon,8.0,2.4,4500.0,1,8,256,6.7,120,2,android,64.0,32.0,0,2412,1080
oppo,OPPO Reno 9 Pro 5G,39999,1,dimensity,8.0,2.85,4500.0,1,16,256,6.7,120,2,android,50.0,32.0,0,2412,1080
oppo,OPPO Reno 9 Pro Plus,45999,1,snapdragon,8.0,3.2,4700.0,1,16,256,6.7,120,3,android,50.0,32.0,0,2412,1080
oppo,OPPO Reno 9 Z,22990,1,snapdragon,8.0,2.2,4800.0,1,8,128,6.58,120,3,android,50.0,32.0,1,2400,1080
oppo,OPPO Reno7 5G,25994,1,dimensity,8.0,2.0,4500.0,1,8,256,6.43,90,3,android,64.0,32.0,1,2400,1080
oppo,OPPO Reno7 Pro 5G,31994,1,dimensity,8.0,3.0,4500.0,1,12,256,6.55,90,3,android,50.0,32.0,1,2400,1080
oppo,OPPO Reno7 Z 5G,17999,1,snapdragon,8.0,2.2,4500.0,1,8,128,6.43,60,3,android,64.0,16.0,1,2400,1080
oppo,OPPO Reno8 5G,29340,1,dimensity,8.0,3.0,4500.0,1,8,128,6.43,90,3,android,50.0,32.0,0,2400,1080
oppo,OPPO X 2021,134999,0,snapdragon,8.0,2.84,4000.0,1,8,256,7.4,60,3,android,64.0,16.0,0,3200,1440
samsung,Samsung Galaxy A01 Core,4999,0,mediatek,4.0,1.5,3000.0,0,1,16,5.3,60,1,android,8.0,5.0,1,1480,720
samsung,Samsung Galaxy A03,7249,0,unisoc,8.0,1.6,5000.0,1,3,32,6.5,60,2,android,48.0,5.0,1,1560,720
samsung,Samsung Galaxy A03 (4GB RAM + 64GB),11499,0,unisoc,8.0,1.6,5000.0,1,4,64,6.5,60,2,android,48.0,5.0,1,1560,720
samsung,Samsung Galaxy A03 Core,6499,0,unisoc,4.0,1.6,5000.0,0,2,32,6.5,60,1,android,8.0,5.0,1,1600,720
samsung,Samsung Galaxy A03s,8499,0,helio,8.0,2.3,5000.0,1,3,32,6.5,60,3,android,13.0,5.0,1,1600,720
samsung,Samsung Galaxy A04,11999,0,helio,8.0,2.3,5000.0,1,4,64,6.5,60,2,android,50.0,5.0,1,1600,720
samsung,Samsung Galaxy A04 (4GB RAM + 128GB),12999,0,helio,8.0,2.3,5000.0,1,4,128,6.5,60,2,android,50.0,5.0,1,1600,720
samsung,Samsung Galaxy A04e,9299,0,helio,8.0,2.3,5000.0,0,3,32,6.5,60,2,android,13.0,5.0,1,1600,720
samsung,Samsung Galaxy A04e (3GB RAM + 64GB),9950,0,helio,8.0,2.3,5000.0,0,3,64,6.5,60,2,android,13.0,5.0,1,1600,720
samsung,Samsung Galaxy A04e (4GB RAM + 128GB),11499,0,helio,8.0,2.3,5000.0,0,4,128,6.5,60,2,android,13.0,5.0,1,1600,720
samsung,Samsung Galaxy A04s,12990,0,exynos,8.0,2.0,5000.0,1,4,64,6.5,90,3,android,50.0,5.0,1,1600,720
samsung,Samsung Galaxy A04s (4GB RAM + 128GB),14499,0,exynos,8.0,2.0,5000.0,1,4,128,6.5,90,3,android,50.0,5.0,1,1600,720
samsung,Samsung Galaxy A05,12990,0,,8.0,,5000.0,1,4,64,6.5,60,2,android,48.0,5.0,1,1560,720
samsung,Samsung Galaxy A11,9990,0,,8.0,1.8,4000.0,1,2,32,6.4,60,3,android,13.0,8.0,1,1560,720
samsung,Samsung Galaxy A12,11999,0,helio,8.0,2.3,5000.0,1,4,64,6.5,60,4,android,48.0,8.0,1,1560,720
samsung,Samsung Galaxy A12 (6GB RAM + 128GB),13999,0,helio,8.0,2.3,5000.0,1,6,128,6.5,60,4,android,48.0,8.0,1,1560,720
samsung,Samsung Galaxy A13,14450,0,,8.0,2.0,5000.0,1,4,64,6.6,60,4,android,50.0,8.0,1,2408,1080
samsung,Samsung Galaxy A13 (4GB RAM + 128GB),14999,0,,8.0,2.0,5000.0,1,4,128,6.6,60,4,android,50.0,8.0,1,2408,1080
samsung,Samsung Galaxy A13 (6GB RAM + 128GB),16499,0,,8.0,2.0,5000.0,1,6,128,6.6,60,4,android,50.0,8.0,1,2408,1080
samsung,Samsung Galaxy A13 5G,17990,1,dimensity,8.0,2.2,5000.0,1,4,64,6.5,90,3,android,50.0,5.0,1,1600,720
samsung,Samsung Galaxy A14 5G,16499,1,exynos,8.0,2.4,5000.0,1,4,64,6.6,90,3,android,50.0,13.0,1,2408,1080
samsung,Samsung Galaxy A14 5G (6GB RAM + 128GB),18999,1,exynos,8.0,2.4,5000.0,1,6,128,6.6,90,3,android,50.0,13.0,1,2408,1080
samsung,Samsung Galaxy A14 5G (8GB RAM + 128GB),20999,1,exynos,8.0,2.4,5000.0,1,8,128,6.6,90,3,android,50.0,13.0,1,2408,1080
samsung,Samsung Galaxy A15,15990,0,,8.0,,5000.0,1,6,64,6.5,60,3,android,48.0,8.0,1,1600,720
samsung,Samsung Galaxy A21s (6GB RAM + 128GB),17499,0,exynos,8.0,2.0,5000.0,0,6,128,6.5,60,4,android,48.0,13.0,1,1600,720
samsung,Samsung Galaxy A22,18499,0,helio,8.0,2.0,5000.0,1,6,128,6.4,60,4,android,48.0,13.0,1,1600,720
samsung,Samsung Galaxy A22 5G,17990,1,dimensity,8.0,2.2,5000.0,1,6,128,6.6,90,3,android,48.0,8.0,1,2408,1080
samsung,Samsung Galaxy A23,18499,0,snapdragon,8.0,2.4,5000.0,1,6,128,6.6,60,4,android,50.0,8.0,1,2408,1080
samsung,Samsung Galaxy A23 (8GB RAM + 128GB),19990,0,snapdragon,8.0,2.4,5000.0,1,8,128,6.6,60,4,android,50.0,8.0,1,2408,1080
samsung,Samsung Galaxy A23 5G,22999,1,snapdragon,8.0,2.2,5000.0,1,6,128,6.6,120,4,android,50.0,8.0,1,2408,1080
samsung,Samsung Galaxy A23 5G (8GB RAM + 128GB),24999,1,snapdragon,8.0,2.2,5000.0,1,8,128,6.6,120,4,android,50.0,8.0,1,2408,1080
samsung,Samsung Galaxy A24,17999,0,exynos,8.0,1.8,4000.0,1,6,64,6.4,60,3,android,48.0,16.0,1,2408,1080
samsung,Samsung Galaxy A32,16499,0,helio,8.0,2.0,5000.0,1,6,128,6.4,90,4,android,64.0,20.0,1,2400,1080
samsung,Samsung Galaxy A32 (8GB RAM + 128GB),16499,0,helio,8.0,2.0,5000.0,1,8,128,6.4,90,4,android,64.0,20.0,1,2400,1080
samsung,Samsung Galaxy A32 5G,24499,1,dimensity,8.0,2.0,5000.0,1,6,128,6.5,90,4,android,48.0,13.0,1,1600,720
samsung,Samsung Galaxy A33 5G,25999,1,exynos,8.0,2.4,5000.0,1,6,128,6.4,90,4,android,48.0,13.0,1,2400,1080
samsung,Samsung Galaxy A33 5G (8GB RAM + 128GB),27499,1,exynos,8.0,2.4,5000.0,1,8,128,6.4,90,4,android,48.0,13.0,1,2400,1080
samsung,Samsung Galaxy A34 5G,24999,1,exynos,8.0,,5000.0,1,6,128,6.5,90,4,android,48.0,13.0,1,2400,1080
samsung,Samsung Galaxy A40,17990,0,exynos,8.0,2.2,3100.0,1,4,64,5.9,60,2,android,16.0,25.0,1,2340,1080
samsung,Samsung Galaxy A50s,15990,0,exynos,8.0,2.3,4000.0,1,4,128,6.4,60,3,android,48.0,32.0,1,2340,1080
samsung,Samsung Galaxy A52,24990,0,snapdragon,8.0,2.3,4500.0,1,6,128,6.5,90,4,android,64.0,32.0,1,2400,1080
samsung,Samsung Galaxy A52 (8GB RAM + 128GB),22494,0,snapdragon,8.0,2.3,4500.0,1,8,128,6.5,90,4,android,64.0,32.0,1,2400,1080
samsung,Samsung Galaxy A53 (8GB RAM + 256GB),36499,1,exynos,8.0,2.4,5000.0,1,8,256,6.5,120,4,android,64.0,32.0,1,2400,1080
samsung,Samsung Galaxy A53 5G,31999,1,exynos,8.0,2.4,5000.0,1,6,128,6.5,120,4,android,64.0,32.0,1,2400,1080
samsung,Samsung Galaxy A53 5G (8GB RAM + 128GB),33499,1,exynos,8.0,2.4,5000.0,1,8,128,6.5,120,4,android,64.0,32.0,1,2400,1080
samsung,Samsung Galaxy A54 5G,34999,1,exynos,8.0,,5000.0,1,6,128,6.4,120,3,android,50.0,32.0,1,2400,1080
samsung,Samsung Galaxy A7 (2018),21490,0,exynos,8.0,2.2,3300.0,0,4,64,6.0,60,3,android,24.0,24.0,1,1080,2220
samsung,Samsung Galaxy A71,22494,0,snapdragon,8.0,2.2,4500.0,1,8,128,6.7,60,4,android,64.0,32.0,1,2400,1080
samsung,Samsung Galaxy A73 5G,41999,1,snapdragon,8.0,2.4,5000.0,1,8,128,6.7,120,4,android,108.0,32.0,1,2400,1080
samsung,Samsung Galaxy A73 5G (8GB RAM + 256GB),41990,1,snapdragon,8.0,2.4,5000.0,1,8,256,6.7,120,4,android,108.0,32.0,1,2400,1080
samsung,Samsung Galaxy A74 5G,42999,1,snapdragon,8.0,2.36,5000.0,1,8,128,6.7,120,4,android,108.0,32.0,1,2412,1080
samsung,Samsung Galaxy A75 5G,44999,1,snapdragon,8.0,,5000.0,1,8,128,6.7,120,4,android,108.0,32.0,1,2412,1080
samsung,Samsung Galaxy A82 5G,39990,1,snapdragon,8.0,2.96,4500.0,1,6,128,6.71,120,3,android,64.0,10.0,1,3200,1440
samsung,Samsung Galaxy A83 5G,39990,1,snapdragon,8.0,3.2,4500.0,1,6,128,6.71,120,3,android,64.0,10.0,1,3200,1440
samsung,Samsung Galaxy A9 Pro (2019),39990,0,snapdragon,8.0,2.2,3400.0,1,6,128,6.4,60,3,android,24.0,24.0,1,2340,1080
samsung,Samsung Galaxy A92 5G,47990,1,dimensity,8.0,3.0,5000.0,1,8,128,6.7,60,3,android,48.0,16.0,0,2400,1080
samsung,Samsung Galaxy F04,8499,0,helio,8.0,2.3,5000.0,1,4,64,6.5,60,2,android,13.0,5.0,1,1600,720
samsung,Samsung Galaxy F12,10499,0,exynos,8.0,2.0,6000.0,1,4,64,6.5,90,4,android,48.0,8.0,1,1600,720
samsung,Samsung Galaxy F13,10999,0,exynos,8.0,2.0,6000.0,1,4,64,6.6,60,3,android,50.0,8.0,1,1080,2408
samsung,Samsung Galaxy F13 (4GB RAM + 128GB),11999,0,exynos,8.0,2.0,6000.0,1,4,128,6.6,60,3,android,50.0,8.0,1,1080,2408
samsung,Samsung Galaxy F14,14990,0,,8.0,,5000.0,1,4,64,6.62,60,3,android,50.0,16.0,1,1080,2408
samsung,Samsung Galaxy F22,11499,0,helio,8.0,2.0,6000.0,0,4,64,6.4,90,4,android,48.0,13.0,1,1600,720
samsung,Samsung Galaxy F22 (6GB RAM + 128GB),13499,0,helio,8.0,2.0,6000.0,0,6,128,6.4,90,4,android,48.0,13.0,1,1600,720
samsung,Samsung Galaxy F23 5G,15999,1,snapdragon,8.0,2.2,5000.0,1,4,128,6.6,120,3,android,50.0,8.0,1,2408,1080
samsung,Samsung Galaxy F23 5G (6GB RAM + 128GB),16999,1,snapdragon,8.0,2.2,5000.0,1,6,128,6.6,120,3,android,50.0,8.0,1,2408,1080
samsung,Samsung Galaxy F24 5G,14999,1,snapdragon,8.0,2.2,5000.0,1,4,128,6.6,120,3,android,50.0,8.0,1,2408,1080
samsung,Samsung Galaxy F41 (6GB RAM + 128GB),19999,0,exynos,8.0,2.3,6000.0,1,6,128,6.4,60,3,android,64.0,32.0,1,2340,1080
samsung,Samsung Galaxy F42 5G,15490,1,dimensity,8.0,2.2,5000.0,1,6,128,6.6,90,3,android,64.0,8.0,1,2408,1080
samsung,Samsung Galaxy F42 5G (8GB RAM + 128GB),22999,1,dimensity,8.0,2.2,5000.0,1,8,128,6.6,90,3,android,64.0,8.0,1,2408,1080
samsung,Samsung Galaxy F63,21999,1,dimensity,8.0,2.0,7000.0,1,6,128,6.7,60,4,android,64.0,32.0,1,2400,1080
samsung,Samsung Galaxy M04,8499,0,helio,8.0,2.3,5000.0,1,4,64,6.5,60,2,android,13.0,5.0,1,1600,720
samsung,Samsung Galaxy M04 (4GB RAM + 128GB),9499,0,helio,8.0,2.3,5000.0,1,4,128,6.5,60,2,android,13.0,5.0,1,1600,720
samsung,Samsung Galaxy M12,10999,0,exynos,8.0,2.0,6000.0,1,4,64,6.5,90,4,android,48.0,8.0,1,1600,720
samsung,Samsung Galaxy M13,12999,0,exynos,8.0,2.0,6000.0,1,6,128,6.6,60,3,android,50.0,8.0,1,2400,1080
samsung,Samsung Galaxy M13 (4GB RAM + 64GB),10630,0,exynos,8.0,2.0,6000.0,1,4,64,6.6,60,3,android,50.0,8.0,1,2400,1080
samsung,Samsung Galaxy M13 5G,13999,1,dimensity,8.0,2.2,5000.0,1,6,128,6.5,90,2,android,50.0,5.0,1,1600,720
samsung,Samsung Galaxy M13 5G (4GB RAM + 64GB),12944,1,dimensity,8.0,2.2,5000.0,1,4,64,6.5,90,2,android,50.0,5.0,1,1600,720
samsung,Samsung Galaxy M14,14999,0,exynos,8.0,,6000.0,0,4,64,6.5,60,3,android,48.0,8.0,1,1600,720
samsung,Samsung Galaxy M21 2021,11725,0,exynos,8.0,2.3,6000.0,1,4,64,6.4,60,3,android,48.0,20.0,1,2340,1080
samsung,Samsung Galaxy M32,12364,0,helio,8.0,2.0,6000.0,1,4,64,6.4,90,4,android,64.0,20.0,1,2400,1080
samsung,Samsung Galaxy M32 (6GB RAM + 128GB),14490,0,helio,8.0,2.0,6000.0,1,6,128,6.4,90,4,android,64.0,20.0,1,2400,1080
samsung,Samsung Galaxy M32 Prime Edition,12120,0,helio,8.0,2.0,6000.0,1,4,64,6.4,90,4,android,64.0,20.0,1,2400,1080
samsung,Samsung Galaxy M32 Prime Edition (6GB RAM + 128GB),14859,0,helio,8.0,2.0,6000.0,1,6,128,6.4,90,4,android,64.0,20.0,1,2400,1080
samsung,Samsung Galaxy M33 5G,17478,1,exynos,8.0,2.4,6000.0,1,6,128,6.6,120,4,android,50.0,8.0,1,2400,1080
samsung,Samsung Galaxy M33 5G (8GB RAM + 128GB),19499,1,exynos,8.0,2.4,6000.0,1,8,128,6.6,120,4,android,50.0,8.0,1,2400,1080
samsung,Samsung Galaxy M34 5G,16999,1,exynos,8.0,2.4,6000.0,1,6,128,6.5,120,4,android,64.0,32.0,1,2400,1080
samsung,Samsung Galaxy M35,22999,0,,8.0,,6000.0,1,8,128,6.5,60,3,android,64.0,32.0,1,2400,1080
samsung,Samsung Galaxy M51s 5G,24990,1,,8.0,,6000.0,1,6,128,6.7,60,3,android,64.0,32.0,1,2400,1080
samsung,Samsung Galaxy M52s 5G,24990,1,,8.0,,5000.0,1,8,128,6.5,60,3,android,64.0,32.0,1,2400,1080
samsung,Samsung Galaxy M53 5G,23790,1,dimensity,8.0,2.4,5000.0,1,6,128,6.7,120,4,android,108.0,32.0,1,2400,1080
samsung,Samsung Galaxy M53 5G (8GB RAM + 128GB),25289,1,dimensity,8.0,2.4,5000.0,1,8,128,6.7,120,4,android,108.0,32.0,1,2400,1080
samsung,Samsung Galaxy M54 5G,34999,1,snapdragon,8.0,2.84,6000.0,1,6,128,6.67,90,3,android,64.0,32.0,1,2412,1080
samsung,Samsung Galaxy M62,23999,0,exynos,8.0,2.73,7000.0,1,6,128,6.71,60,4,android,64.0,32.0,1,2400,1080
samsung,Samsung Galaxy Note 10 Lite,39999,0,exynos,8.0,2.7,4500.0,1,6,128,6.7,60,3,android,12.0,32.0,1,2400,1080
samsung,Samsung Galaxy Note 10 Plus,58999,0,exynos,8.0,2.73,4300.0,1,12,256,6.8,60,4,android,12.0,10.0,1,3040,1440
samsung,Samsung Galaxy Note 10 Plus 5G,92999,1,exynos,8.0,2.7,4300.0,1,12,256,6.8,60,4,android,12.0,10.0,1,3040,1440
samsung,Samsung Galaxy Note 20,86000,0,exynos,8.0,2.73,4300.0,1,8,256,6.7,60,3,android,64.0,10.0,0,2400,1080
samsung,Samsung Galaxy Note 30 Ultra 5G,104999,1,snapdragon,8.0,3.2,4500.0,1,12,256,6.71,120,3,android,200.0,10.0,1,3214,1440
samsung,Samsung Galaxy S10 5G,78990,1,exynos,8.0,2.7,4500.0,1,8,256,6.7,60,3,android,16.0,10.0,1,3040,1440
samsung,Samsung Galaxy S10 Plus,42999,0,exynos,8.0,2.7,4100.0,1,8,128,6.4,60,3,android,16.0,10.0,1,3040,1440
samsung,Samsung Galaxy S20,41999,0,exynos,8.0,2.73,4000.0,1,8,128,6.2,120,3,android,64.0,10.0,1,3200,1440
samsung,Samsung Galaxy S20 5G,74999,1,exynos,8.0,2.73,4000.0,1,8,128,6.2,60,3,android,64.0,10.0,1,3200,1440
samsung,Samsung Galaxy S20 FE,35489,0,exynos,8.0,2.73,4500.0,1,8,128,6.5,120,3,android,12.0,32.0,1,2400,1080
samsung,Samsung Galaxy S20 FE 5G,31239,1,snapdragon,8.0,2.84,4500.0,1,8,128,6.5,120,3,android,12.0,32.0,1,2400,1080
samsung,Samsung Galaxy S20 Plus,83000,0,exynos,8.0,2.73,4500.0,1,8,128,6.7,120,4,android,64.0,10.0,1,3200,1440
samsung,Samsung Galaxy S20 Plus 5G,85990,1,exynos,8.0,2.73,4500.0,1,8,128,6.7,60,4,android,64.0,10.0,1,3200,1440
samsung,Samsung Galaxy S20 Ultra 5G,99999,1,exynos,8.0,2.73,5000.0,1,12,128,6.9,60,4,android,108.0,40.0,1,3200,1440
samsung,Samsung Galaxy S21,48900,1,exynos,8.0,2.9,4000.0,1,8,128,6.2,120,3,android,64.0,10.0,0,2400,1080
samsung,Samsung Galaxy S21 FE 5G,39999,1,exynos,8.0,2.9,4500.0,1,8,128,6.4,120,3,android,12.0,32.0,0,2340,1080
samsung,Samsung Galaxy S21 FE 5G (8GB RAM + 256GB),43999,1,exynos,8.0,2.9,4500.0,1,8,256,6.4,120,3,android,12.0,32.0,0,2340,1080
samsung,Samsung Galaxy S21 Plus,59450,1,exynos,8.0,2.9,4800.0,1,8,128,6.7,120,3,android,64.0,10.0,0,2400,1080
samsung,Samsung Galaxy S21 Ultra,105999,1,exynos,8.0,2.9,5000.0,1,12,256,6.8,120,4,android,108.0,40.0,0,3200,1440
samsung,Samsung Galaxy S21 Ultra 5G (12GB RAM + 128GB),101999,1,exynos,8.0,2.9,5000.0,1,12,128,6.8,120,4,android,108.0,40.0,0,3200,1440
samsung,Samsung Galaxy S22 5G,49999,1,snapdragon,8.0,3.0,3700.0,1,8,128,6.1,120,3,android,50.0,10.0,0,2340,1080
samsung,Samsung Galaxy S22 5G (8GB RAM + 256GB),57999,1,snapdragon,8.0,3.0,3700.0,1,8,256,6.1,120,3,android,50.0,10.0,0,2340,1080
samsung,Samsung Galaxy S22 FE 5G,51999,1,exynos,8.0,,4200.0,1,8,128,6.4,120,3,android,12.0,32.0,0,2400,1080
samsung,Samsung Galaxy S22 Plus 5G,64449,1,snapdragon,8.0,3.0,4500.0,1,8,128,6.6,120,3,android,50.0,10.0,0,2340,1080
samsung,Samsung Galaxy S22 Plus 5G (8GB RAM + 256GB),88999,1,snapdragon,8.0,3.0,4500.0,1,8,256,6.6,120,3,android,50.0,10.0,0,2340,1080
samsung,Samsung Galaxy S22 Ultra 5G,91999,1,snapdragon,8.0,3.0,5000.0,1,12,256,6.8,120,4,android,108.0,40.0,0,3080,1440
samsung,Samsung Galaxy S22 Ultra 5G (12GB RAM + 512GB),118999,1,snapdragon,8.0,3.0,5000.0,1,12,512,6.8,120,4,android,108.0,40.0,0,3080,1440
samsung,Samsung Galaxy S22 Ultra 5G (8GB RAM + 128GB),99990,1,snapdragon,8.0,3.0,5000.0,1,8,128,6.8,120,4,android,108.0,40.0,0,3080,1440
samsung,Samsung Galaxy S23,70990,1,snapdragon,8.0,3.2,3900.0,1,8,128,6.1,120,3,android,50.0,12.0,0,2340,1080
samsung,Samsung Galaxy S23 FE 5G,54999,1,,8.0,,4500.0,1,8,128,6.5,60,4,android,64.0,32.0,0,2400,1080
samsung,Samsung Galaxy S23 Plus,84990,1,snapdragon,8.0,3.2,4700.0,1,8,256,6.6,120,3,android,50.0,12.0,0,2340,1080
samsung,Samsung Galaxy S23 Ultra 5G,114990,1,snapdragon,8.0,3.2,5000.0,1,8,256,6.8,120,4,android,200.0,12.0,0,3088,1440
samsung,Samsung Galaxy S24 Ultra,119990,1,snapdragon,8.0,,5100.0,1,12,256,6.83,144,4,android,200.0,60.0,0,2860,1200
samsung,Samsung Galaxy S9 Plus (128GB),34999,0,exynos,8.0,2.8,3500.0,1,6,128,6.2,60,2,android,12.0,8.0,1,2960,1440
samsung,Samsung Galaxy Z Flip 3,69999,1,snapdragon,8.0,2.84,3300.0,1,8,128,6.7,120,2,,12.0,10.0,0,2640,1080
samsung,Samsung Galaxy Z Flip 4 5G,89999,1,snapdragon,8.0,3.2,3700.0,1,8,128,6.7,120,2,,12.0,10.0,0,2640,1080
samsung,Samsung Galaxy Z Fold 3,110999,1,snapdragon,8.0,2.84,4400.0,1,12,256,7.6,120,3,android,12.0,10.0,0,2208,1768
samsung,Samsung Galaxy Z Fold 4,154998,1,snapdragon,8.0,3.2,4400.0,1,12,256,7.6,120,3,android,50.0,10.0,0,2176,1812
samsung,Samsung Galaxy Z Fold 4 (12GB RAM + 1TB),163980,1,snapdragon,8.0,3.2,4400.0,1,12,1024,7.6,120,3,android,50.0,10.0,0,2176,1812
vivo,Vivo S1 Pro,29999,0,snapdragon,8.0,2.0,4500.0,1,8,128,6.38,60,4,android,48.0,32.0,1,2340,1080
vivo,Vivo S16,29990,1,snapdragon,8.0,3.2,4600.0,1,8,128,6.78,120,3,android,64.0,50.0,0,2400,1080
vivo,Vivo S16 Pro,35499,1,dimensity,8.0,3.1,4600.0,1,8,256,6.78,120,3,android,50.0,50.0,0,2400,1080
vivo,Vivo S17 Pro,49990,1,dimensity,8.0,,5000.0,1,12,256,6.67,120,3,android,50.0,32.0,0,2400,1080
vivo,Vivo T1 44W,14499,0,snapdragon,8.0,2.4,5000.0,1,4,128,6.44,60,3,android,50.0,16.0,1,2408,1080
vivo,Vivo T1 44W (6GB RAM + 128GB),15999,0,snapdragon,8.0,2.4,5000.0,1,6,128,6.44,60,3,android,50.0,16.0,1,2408,1080
vivo,Vivo T1 44W (8GB RAM + 128GB),17999,0,snapdragon,8.0,2.4,5000.0,1,8,128,6.44,60,3,android,50.0,16.0,1,2408,1080
vivo,Vivo T1 5G,15990,1,snapdragon,8.0,2.2,5000.0,1,4,128,6.58,120,3,android,50.0,16.0,1,2408,1080
vivo,Vivo T1 5G (6GB RAM + 128GB),16990,1,snapdragon,8.0,2.2,5000.0,1,6,128,6.58,120,3,android,50.0,16.0,1,2408,1080
vivo,Vivo T1 5G (8GB RAM + 128GB),19990,1,snapdragon,8.0,2.2,5000.0,1,8,128,6.58,120,3,android,50.0,16.0,1,2408,1080
vivo,Vivo T1 Pro,23999,1,snapdragon,8.0,2.4,4700.0,1,6,128,6.44,90,3,android,64.0,16.0,1,2404,1080
vivo,Vivo T1 Pro 5G (8GB RAM + 128GB),24999,1,snapdragon,8.0,2.4,4700.0,1,8,128,6.44,90,3,android,64.0,16.0,1,2404,1080
vivo,Vivo T1x (4GB RAM + 128GB),12999,0,snapdragon,8.0,2.4,5000.0,1,4,128,6.58,90,2,android,50.0,8.0,1,2408,1080
vivo,Vivo T1x (6GB RAM + 128GB),14999,0,snapdragon,8.0,2.4,5000.0,1,6,128,6.58,90,2,android,50.0,8.0,1,2408,1080
vivo,Vivo T1x 4G,11999,0,snapdragon,8.0,2.4,5000.0,1,4,64,6.58,90,2,android,50.0,8.0,1,2408,1080
vivo,Vivo T2 5G,24990,1,snapdragon,8.0,3.2,4700.0,1,8,128,6.62,120,3,android,64.0,16.0,1,2400,1080
vivo,Vivo T2 Pro 5G,29990,1,snapdragon,8.0,,4500.0,1,8,128,6.44,90,3,android,50.0,16.0,1,2408,1080
vivo,Vivo T2x 5G,18990,1,dimensity,8.0,3.0,6000.0,1,8,128,6.58,120,2,android,50.0,16.0,0,2408,1080
vivo,Vivo T3 Pro,31990,1,snapdragon,8.0,2.7,4700.0,1,8,256,6.67,120,3,android,64.0,32.0,1,2408,1080
vivo,Vivo U3,9990,0,snapdragon,8.0,2.0,5000.0,1,4,64,6.53,60,3,android,16.0,16.0,1,2340,1080
vivo,Vivo U3 (6GB RAM + 64GB),11990,0,snapdragon,8.0,2.0,5000.0,1,6,64,6.53,60,3,android,16.0,16.0,1,2340,1080
vivo,Vivo U3x,8990,1,snapdragon,8.0,2.0,5000.0,1,6,64,6.58,90,2,android,13.0,8.0,0,2408,1080
vivo,Vivo V11i,20990,0,helio,8.0,2.0,3315.0,0,4,128,6.3,60,2,android,16.0,25.0,1,2280,1080
vivo,Vivo V15 Pro (8GB RAM +128GB),25000,0,snapdragon,8.0,2.0,3700.0,1,8,128,6.39,60,3,android,48.0,32.0,1,2316,1080
vivo,Vivo V19 (8GB RAM + 256GB),27990,0,snapdragon,8.0,2.3,4500.0,1,8,256,6.44,60,4,android,48.0,32.0,1,2400,1080
vivo,Vivo V20,23269,0,snapdragon,8.0,2.3,4000.0,1,8,128,6.44,60,3,android,64.0,44.0,1,2400,1080
vivo,Vivo V20 Pro,27000,1,snapdragon,8.0,2.4,4000.0,1,8,128,6.44,60,3,android,64.0,44.0,0,2400,1080
vivo,Vivo V20 SE,19000,0,snapdragon,8.0,2.0,4100.0,1,8,128,6.44,60,3,android,48.0,32.0,1,2400,1080
vivo,Vivo V21,24999,0,dimensity,8.0,2.4,4000.0,1,8,128,6.44,90,3,android,64.0,44.0,1,2400,1080
vivo,Vivo V21 5G,23994,1,dimensity,8.0,2.4,4000.0,1,8,128,6.44,90,3,android,64.0,44.0,1,2400,1080
vivo,Vivo V21 Pro,32999,1,snapdragon,8.0,2.4,4300.0,1,8,128,6.44,60,4,android,64.0,44.0,0,2400,1080
vivo,Vivo V21s,29999,1,dimensity,8.0,2.4,4000.0,1,8,128,6.44,90,3,android,64.0,44.0,1,2400,1080
vivo,Vivo V23 5G,24994,1,dimensity,8.0,2.5,4200.0,1,8,128,6.44,90,3,android,64.0,50.0,0,2400,1080
vivo,Vivo V23 5G (12GB RAM + 256GB),27994,1,dimensity,8.0,2.5,4200.0,1,12,256,6.44,90,3,android,64.0,50.0,1,2400,1080
vivo,Vivo V23 Pro 5G,31994,1,dimensity,8.0,3.0,4300.0,1,8,128,6.56,90,3,android,108.0,50.0,0,2376,1080
vivo,Vivo V23 Pro 5G (12GB RAM + 256GB),36994,1,dimensity,8.0,3.0,4300.0,1,12,256,6.56,90,3,android,108.0,50.0,0,2376,1080
vivo,Vivo V23e,26990,0,helio,8.0,2.05,4050.0,1,8,128,6.44,60,3,android,64.0,50.0,0,2400,1080
vivo,Vivo V23e 5G,21994,1,dimensity,8.0,2.4,4050.0,1,8,128,6.44,60,3,android,50.0,44.0,1,2400,1080
vivo,Vivo V25 (12GB RAM + 256GB),31999,1,dimensity,8.0,2.0,4500.0,1,12,256,6.44,90,3,android,64.0,50.0,1,2408,1080
vivo,Vivo V25 5G,27999,1,dimensity,8.0,2.0,4500.0,1,8,128,6.44,90,3,android,64.0,50.0,1,2408,1080
vivo,Vivo V25 Pro (12GB RAM + 256GB),39999,1,dimensity,8.0,3.0,4830.0,1,12,256,6.56,120,3,android,64.0,32.0,0,2376,1080
vivo,Vivo V25 Pro 5G,35999,1,dimensity,8.0,3.0,4830.0,1,8,128,6.56,120,3,android,64.0,32.0,0,2376,1080
vivo,Vivo V25e,19990,0,helio,8.0,2.2,4500.0,1,8,256,6.44,90,3,android,64.0,32.0,1,2400,1080
vivo,Vivo V26 Pro,42990,1,dimensity,8.0,3.2,4800.0,1,12,256,6.7,120,3,android,64.0,32.0,0,2400,1080
vivo,Vivo V27,27990,1,dimensity,8.0,2.2,4700.0,1,8,256,6.56,120,3,android,64.0,50.0,1,2400,1080
vivo,Vivo V27 Pro,43999,1,dimensity,8.0,3.2,5000.0,1,12,256,6.73,144,3,android,108.0,32.0,0,2400,1080
vivo,Vivo V28,28990,1,snapdragon,8.0,2.2,5000.0,1,8,256,6.7,120,3,android,108.0,32.0,1,2400,1080
vivo,Vivo V29,32990,1,snapdragon,8.0,2.4,5000.0,1,8,256,6.67,120,3,android,64.0,32.0,1,2400,1080
vivo,Vivo X Fold 2,119990,1,snapdragon,8.0,3.2,4800.0,1,12,256,8.03,120,3,android,50.0,32.0,0,2160,1916
vivo,Vivo X Fold 5G,106990,1,snapdragon,8.0,3.0,4600.0,1,12,256,8.03,120,4,android,50.0,16.0,0,2160,1916
vivo,Vivo X Fold 5G (12GB RAM + 512GB),118990,1,snapdragon,8.0,3.0,4600.0,1,12,512,8.03,120,4,android,50.0,16.0,0,2160,1916
vivo,Vivo X Fold Plus,113990,1,snapdragon,8.0,3.2,4730.0,1,12,256,8.03,120,4,android,50.0,16.0,0,2160,1916
vivo,Vivo X Note 5G (12GB RAM + 512GB),82990,1,snapdragon,8.0,3.0,5000.0,1,12,512,7.0,120,4,android,50.0,16.0,0,3080,1440
vivo,Vivo X80 5G,54999,1,dimensity,8.0,3.05,4500.0,1,8,128,6.78,120,3,android,50.0,32.0,0,2400,1080
vivo,Vivo X80 5G (12GB RAM + 256GB),59999,1,dimensity,8.0,3.05,4500.0,1,12,256,6.78,120,3,android,50.0,32.0,0,2400,1080
vivo,Vivo X80 Pro 5G,79999,1,snapdragon,8.0,3.0,4700.0,1,12,256,6.78,120,4,android,50.0,32.0,0,3200,1440
vivo,Vivo X80 Pro Plus 5G,82990,1,snapdragon,8.0,3.2,4500.0,1,12,256,6.78,120,4,android,50.0,32.0,0,3200,1440
vivo,Vivo X90 5G,41990,1,dimensity,8.0,3.05,4810.0,1,8,128,6.78,120,3,android,50.0,32.0,0,2800,1260
vivo,Vivo X90 Pro 5G,56999,1,dimensity,8.0,3.05,4870.0,1,8,256,6.78,120,3,android,50.3,32.0,0,2800,1260
vivo,Vivo X90 Pro Plus 5G,73999,1,snapdragon,8.0,3.2,4700.0,1,12,256,6.78,120,4,android,50.3,32.0,0,3200,1440
vivo,Vivo Y01,7999,0,helio,8.0,2.3,5000.0,0,2,32,6.51,60,1,android,8.0,5.0,1,1600,720
vivo,Vivo Y01A,7790,0,helio,8.0,2.3,5000.0,1,2,32,6.51,60,1,android,8.0,5.0,1,1600,720
vivo,Vivo Y02,8999,0,helio,8.0,,5000.0,1,3,32,6.51,60,1,android,8.0,5.0,1,1600,720
vivo,Vivo Y02 (2GB RAM + 32GB),7999,0,helio,8.0,,5000.0,1,2,32,6.51,60,1,android,8.0,5.0,1,1600,720
vivo,Vivo Y02s,8990,0,helio,8.0,2.3,5000.0,1,3,32,6.51,60,1,android,8.0,5.0,1,1600,720
vivo,Vivo Y10,12490,0,helio,8.0,2.3,5000.0,0,4,128,6.51,60,2,android,13.0,8.0,0,1600,720
vivo,Vivo Y100,29990,1,dimensity,8.0,2.4,5000.0,1,8,128,6.0,120,3,android,50.0,50.0,0,2400,1080
vivo,Vivo Y11 (2019),9490,0,snapdragon,8.0,2.0,5000.0,0,3,32,6.35,60,2,android,13.0,8.0,1,1544,720
vivo,Vivo Y12 (3GB RAM + 64GB),11000,0,helio,8.0,2.0,5000.0,0,3,64,6.35,60,3,android,13.0,8.0,1,1544,720
vivo,Vivo Y12a,9999,0,snapdragon,8.0,2.0,5000.0,0,3,32,6.51,60,2,android,13.0,8.0,1,1600,720
vivo,Vivo Y12G (3GB RAM + 64GB),11990,0,snapdragon,8.0,2.0,5000.0,0,3,64,6.51,60,3,android,13.0,8.0,1,1600,720
vivo,Vivo Y15,12500,0,helio,8.0,2.0,5000.0,0,4,64,6.35,60,3,android,13.0,16.0,1,1544,720
vivo,Vivo Y15C,8499,0,helio,8.0,2.3,5000.0,0,3,32,6.51,60,2,android,13.0,8.0,1,1600,720
vivo,Vivo Y15C (3GB RAM + 64GB),10490,0,helio,8.0,2.3,5000.0,0,3,64,6.51,60,2,android,13.0,8.0,1,1600,720
vivo,Vivo Y15s,8499,0,helio,8.0,2.3,5000.0,0,3,32,6.51,60,2,android,13.0,8.0,1,1600,720
vivo,Vivo Y16,9999,0,helio,8.0,2.3,5000.0,1,3,32,6.51,60,2,android,13.0,5.0,1,1600,720
vivo,Vivo Y16 (3GB RAM + 64GB),10499,0,helio,8.0,2.3,5000.0,1,3,64,6.51,60,2,android,13.0,5.0,1,1600,720
vivo,Vivo Y16 (4GB RAM + 64GB),12489,0,helio,8.0,2.3,5000.0,1,4,64,6.51,60,2,android,13.0,5.0,1,1600,720
vivo,Vivo Y19,20000,0,helio,8.0,2.0,5000.0,1,4,128,6.53,60,3,android,16.0,16.0,1,2340,1080
vivo,Vivo Y20G,13990,0,helio,8.0,2.0,5000.0,1,4,64,6.51,60,3,android,13.0,8.0,1,1600,720
vivo,Vivo Y21 (2020),9990,0,snapdragon,8.0,1.8,5000.0,0,4,64,6.5,60,2,android,13.0,13.0,1,1544,720
vivo,Vivo Y21 2021,13489,0,helio,8.0,2.3,5000.0,1,4,64,6.51,60,2,android,13.0,8.0,1,1600,720
vivo,Vivo Y21e,12499,0,snapdragon,8.0,2.4,5000.0,1,3,64,6.51,60,2,android,13.0,8.0,1,1600,720
vivo,Vivo Y21s,14990,0,helio,8.0,2.0,5000.0,1,4,128,6.51,60,3,android,50.0,8.0,1,1600,720
vivo,Vivo Y21T,15499,0,snapdragon,8.0,2.4,5000.0,1,4,128,6.51,90,3,android,50.0,8.0,1,720,1600
vivo,Vivo Y22,14499,0,helio,8.0,2.0,5000.0,1,4,64,6.55,60,2,android,50.0,8.0,1,1612,720
vivo,Vivo Y22 (6GB RAM + 128GB),16499,0,helio,8.0,2.0,5000.0,1,6,128,6.55,60,2,android,50.0,8.0,1,1612,720
vivo,Vivo Y22s,14990,0,snapdragon,8.0,2.4,5000.0,1,8,128,6.55,90,2,android,50.0,8.0,1,720,1612
vivo,Vivo Y25,7499,0,helio,4.0,1.3,1900.0,0,1,16,4.5,60,1,android,5.0,2.0,1,854,480
vivo,Vivo Y3 (4GB RAM + 128GB),12990,0,helio,8.0,2.3,5000.0,1,4,128,6.35,60,3,android,13.0,16.0,1,1544,720
vivo,Vivo Y33s,16685,0,helio,8.0,2.0,5000.0,1,8,128,6.58,60,3,android,50.0,16.0,1,2408,1080
vivo,Vivo Y33T,15990,0,snapdragon,8.0,2.4,5000.0,1,8,128,6.58,90,3,android,50.0,16.0,1,2408,1080
vivo,Vivo Y35,18499,0,snapdragon,8.0,2.4,5000.0,1,8,128,6.58,90,3,android,50.0,16.0,1,2408,1080
vivo,Vivo Y35 5G,13999,1,dimensity,8.0,2.2,5000.0,1,4,128,6.51,60,2,android,13.0,5.0,1,1600,720
vivo,Vivo Y53s,15490,0,helio,8.0,2.0,5000.0,1,8,128,6.58,60,3,android,64.0,16.0,1,2408,1080
vivo,Vivo Y53t,11999,1,dimensity,8.0,2.0,6000.0,1,4,128,6.51,60,2,android,13.0,5.0,0,1600,720
vivo,Vivo Y55 4G,22990,0,snapdragon,8.0,2.4,5000.0,1,8,128,6.44,120,3,android,50.0,16.0,1,2400,1080
vivo,Vivo Y55 5G,20990,1,dimensity,8.0,2.2,5000.0,1,4,128,6.58,60,3,android,50.0,8.0,1,2408,1080
vivo,Vivo Y55S,13490,0,snapdragon,4.0,1.2,2730.0,0,3,16,5.2,60,1,android,13.0,5.0,1,1280,720
vivo,Vivo Y55s 2023,21999,1,dimensity,8.0,2.2,5000.0,1,4,128,6.58,60,3,android,50.0,8.0,1,2408,1080
vivo,Vivo Y55s 5G,19990,1,dimensity,8.0,2.2,6000.0,1,8,128,6.58,60,2,android,50.0,8.0,0,2408,1080
vivo,Vivo Y71,25000,0,snapdragon,4.0,1.4,3360.0,0,3,16,6.0,60,1,android,13.0,5.0,1,1440,720
vivo,Vivo Y73 2021,19990,0,helio,8.0,2.05,4000.0,1,8,128,6.44,60,3,android,64.0,16.0,1,2400,1080
vivo,Vivo Y73T,16990,1,dimensity,8.0,2.0,6000.0,1,8,128,6.58,60,2,android,50.0,8.0,0,2408,1080
vivo,Vivo Y75 4G,19990,0,helio,8.0,2.05,4050.0,1,8,128,6.44,60,3,android,50.0,44.0,1,2400,1080
vivo,Vivo Y75 5G,21990,1,dimensity,8.0,2.2,5000.0,1,8,128,6.58,60,3,android,50.0,16.0,1,2408,1080
vivo,Vivo Y77 5G,17990,1,dimensity,8.0,2.2,4500.0,1,6,128,6.64,120,2,android,50.0,8.0,1,2388,1080
vivo,Vivo Y78 5G,24990,1,dimensity,8.0,3.0,4500.0,1,8,128,6.58,90,3,android,50.0,16.0,0,2400,1080
vivo,Vivo Y91c,8199,0,helio,8.0,2.0,4030.0,0,2,32,6.22,60,1,android,13.0,5.0,1,1520,720
vivo,Vivo Y93,18000,0,helio,8.0,2.0,4030.0,0,4,32,6.2,60,2,android,13.0,8.0,1,720,1520
vivo,Vivo Y95,15000,0,snapdragon,8.0,1.95,4030.0,0,4,64,6.22,60,2,android,13.0,20.0,1,720,1520
xiaomi,Xiaomi 11i 5G (8GB RAM + 128GB),24990,1,dimensity,8.0,2.5,5160.0,1,8,128,6.67,120,3,android,108.0,16.0,1,1080,2400
xiaomi,Xiaomi 11i HyperCharge 5G,24820,1,dimensity,8.0,2.5,4500.0,1,6,128,6.67,120,3,android,108.0,16.0,1,1080,2400
xiaomi,Xiaomi 11i HyperCharge 5G (8GB RAM + 128GB),26999,1,dimensity,8.0,2.5,4500.0,1,8,128,6.67,120,3,android,108.0,16.0,1,1080,2400
xiaomi,Xiaomi 11T Pro 5G (12GB RAM + 256GB),38999,1,snapdragon,8.0,2.84,5000.0,1,12,256,6.67,120,3,android,108.0,16.0,0,2400,1080
xiaomi,Xiaomi 12 Lite 5G,29990,1,snapdragon,8.0,2.4,4300.0,1,6,128,6.55,120,3,android,108.0,32.0,0,2400,1080
xiaomi,Xiaomi 12 Pro 5G,50990,1,snapdragon,8.0,3.0,4600.0,1,8,256,6.73,120,3,android,50.0,32.0,0,3200,1440
xiaomi,Xiaomi 12 Pro 5G (12GB RAM + 256GB),51880,1,snapdragon,8.0,3.0,4600.0,1,12,256,6.73,120,3,android,50.0,32.0,0,3200,1440
xiaomi,Xiaomi 12 Ultra 5G,75999,1,snapdragon,8.0,3.2,4800.0,1,12,256,6.73,120,3,android,50.0,20.0,0,3200,1440
xiaomi,Xiaomi 12S Ultra,69990,1,snapdragon,8.0,3.2,4860.0,1,8,256,6.73,120,3,android,50.0,32.0,0,3200,1440
xiaomi,Xiaomi 12T,48990,1,dimensity,8.0,2.85,5000.0,1,8,128,6.67,120,3,android,108.0,20.0,0,2712,1220
xiaomi,Xiaomi 12T Pro 5G,59990,1,snapdragon,8.0,3.2,5000.0,1,8,128,6.67,120,3,android,200.0,20.0,0,2712,1220
xiaomi,Xiaomi 13 5G,46990,1,snapdragon,8.0,3.2,4500.0,1,8,128,6.36,120,3,android,50.0,32.0,0,2400,1080
xiaomi,Xiaomi 13 Pro 5G,58990,1,snapdragon,8.0,3.2,4820.0,1,8,128,6.73,120,3,android,50.3,32.0,0,3200,1440
xiaomi,Xiaomi 13 Ultra 5G,71999,1,snapdragon,8.0,3.2,5000.0,1,12,256,6.6,120,4,android,108.0,32.0,0,3200,1440
xiaomi,Xiaomi 14,54999,1,snapdragon,8.0,3.2,5000.0,1,12,256,6.43,120,3,android,50.0,32.0,0,3200,1440
xiaomi,Xiaomi Civi 2,29999,1,snapdragon,8.0,2.4,4500.0,1,8,128,6.55,120,3,android,50.0,32.0,0,2400,1080
xiaomi,Xiaomi Civi 3,32990,1,dimensity,8.0,3.1,5000.0,1,8,256,6.7,120,3,android,64.0,32.0,0,2400,1080
xiaomi,Xiaomi Mi 10 5G (8GB RAM + 256GB),54999,1,snapdragon,8.0,2.84,4780.0,1,8,256,6.67,90,4,android,108.0,20.0,0,2340,1080
xiaomi,Xiaomi Mi 10T 5G,23500,1,snapdragon,8.0,2.84,5000.0,1,6,128,6.67,144,3,android,64.0,20.0,0,1080,2400
xiaomi,Xiaomi Mi 10T Pro 5G,29999,1,snapdragon,8.0,2.84,5000.0,1,8,128,6.67,144,3,android,108.0,20.0,0,2400,1080
xiaomi,Xiaomi Mi 11 Lite (8GB RAM + 128GB),18699,0,snapdragon,8.0,2.3,4250.0,1,8,128,6.55,90,3,android,64.0,16.0,1,2400,1080
xiaomi,Xiaomi Mi 11 Lite NE 5G,21890,1,snapdragon,8.0,2.4,4250.0,1,6,128,6.55,90,3,android,64.0,20.0,1,2400,1080
xiaomi,Xiaomi Mi 11 Lite NE 5G (8GB RAM + 128GB),22999,1,snapdragon,8.0,2.4,4250.0,1,8,128,6.55,90,3,android,64.0,20.0,1,2400,1080
xiaomi,Xiaomi Mi 11i 5G,23499,1,dimensity,8.0,2.5,5160.0,1,6,128,6.67,120,3,android,108.0,16.0,1,1080,2400
xiaomi,Xiaomi Mi 11T Pro 5G,34990,1,snapdragon,8.0,2.84,5000.0,1,8,128,6.67,120,3,android,108.0,16.0,0,2400,1080
xiaomi,Xiaomi Mi 11X,23890,1,snapdragon,8.0,3.2,4520.0,1,6,128,6.67,120,3,android,48.0,20.0,0,2400,1080
xiaomi,Xiaomi Mi 11X 5G (8GB RAM + 128GB),25990,1,snapdragon,8.0,3.2,4520.0,1,8,128,6.67,120,3,android,48.0,20.0,0,2400,1080
xiaomi,Xiaomi Mi 11X Pro,30990,1,snapdragon,8.0,2.84,4520.0,1,8,128,6.67,120,3,android,108.0,20.0,0,2400,1080
xiaomi,Xiaomi Mi 12 5G,42990,1,snapdragon,8.0,3.0,4500.0,1,8,128,6.28,120,3,android,50.0,32.0,0,2400,1080
xiaomi,Xiaomi Mi Mix Alpha,199990,1,snapdragon,8.0,2.96,4050.0,1,12,512,7.92,60,3,android,108.0,,0,2250,2088
xiaomi,Xiaomi Mi Mix Fold,109990,1,snapdragon,8.0,2.84,5020.0,1,12,256,8.01,90,3,android,108.0,20.0,0,2480,1860
xiaomi,Xiaomi Mix Fold 2 5G,106990,1,snapdragon,8.0,3.2,4500.0,1,12,256,8.02,120,3,android,50.0,20.0,0,2160,1914
xiaomi,Xiaomi Poco F1,11999,0,snapdragon,8.0,2.8,4000.0,1,6,64,6.18,60,2,android,12.0,20.0,1,2246,1080
xiaomi,Xiaomi Poco F1 (6GB RAM + 128GB),12999,0,snapdragon,8.0,2.8,4000.0,1,6,128,6.18,60,2,android,12.0,20.0,1,2246,1080
xiaomi,Xiaomi Redmi 10,9589,0,snapdragon,8.0,2.4,6000.0,1,4,64,6.7,60,2,android,50.0,5.0,1,1600,720
xiaomi,Xiaomi Redmi 10 (6GB RAM + 128GB),11999,0,snapdragon,8.0,2.4,6000.0,1,6,128,6.7,60,2,android,50.0,5.0,1,1600,720
xiaomi,Xiaomi Redmi 10 Power,11999,0,snapdragon,8.0,2.4,6000.0,1,8,128,6.7,60,2,android,50.0,5.0,1,1650,720
xiaomi,Xiaomi Redmi 10 Prime,12390,0,helio,8.0,2.0,6000.0,1,4,64,6.5,90,4,android,50.0,8.0,1,2400,1080
xiaomi,Xiaomi Redmi 10 Prime (6GB RAM + 128GB),12999,0,helio,8.0,2.0,6000.0,1,6,128,6.5,90,4,android,50.0,8.0,1,2400,1080
xiaomi,Xiaomi Redmi 10 Prime Plus 5G,13990,1,dimensity,8.0,2.2,5000.0,1,4,128,6.58,90,2,android,50.0,5.0,0,2408,1080
xiaomi,Xiaomi Redmi 10A,7499,0,helio,8.0,2.0,5000.0,0,3,32,6.53,60,1,android,13.0,5.0,1,1600,720
xiaomi,Xiaomi Redmi 10A (4GB RAM + 64GB),8388,0,helio,8.0,2.0,5000.0,0,4,64,6.53,60,1,android,13.0,5.0,1,1600,720
xiaomi,Xiaomi Redmi 10A (6GB RAM + 128GB),10850,0,helio,8.0,2.0,5000.0,0,6,128,6.53,60,1,android,13.0,5.0,1,1600,720
xiaomi,Xiaomi Redmi 10A Sport,9999,0,helio,8.0,2.0,5000.0,0,6,128,6.53,60,1,android,13.0,5.0,1,1600,720
xiaomi,Xiaomi Redmi 10C,13990,0,snapdragon,8.0,2.4,6000.0,1,4,64,6.7,60,2,android,50.0,5.0,1,1600,720
xiaomi,Xiaomi Redmi 10C (4GB RAM + 128GB),14990,0,snapdragon,8.0,2.4,6000.0,1,4,128,6.7,60,2,android,50.0,5.0,1,1600,720
xiaomi,Xiaomi Redmi 11 Prime,11600,0,helio,8.0,2.2,5000.0,1,4,64,6.58,90,3,android,50.0,8.0,1,2400,1080
xiaomi,Xiaomi Redmi 11 Prime (6GB RAM + 128GB),13774,0,helio,8.0,2.2,5000.0,1,6,128,6.58,90,3,android,50.0,8.0,1,2400,1080
xiaomi,Xiaomi Redmi 11 Prime 5G,13466,1,dimensity,8.0,2.2,5000.0,1,4,64,6.58,90,2,android,50.0,5.0,1,2408,1080
xiaomi,Xiaomi Redmi 11 Prime 5G (6GB RAM + 128GB),15990,1,dimensity,8.0,2.2,5000.0,1,6,128,6.58,90,2,android,50.0,5.0,1,2408,1080
xiaomi,Xiaomi Redmi 13 Prime 5G,17990,1,snapdragon,8.0,2.0,5100.0,1,6,128,6.73,120,2,android,64.0,16.0,1,2408,1080
xiaomi,Xiaomi Redmi 20X,10990,1,dimensity,8.0,2.2,5000.0,1,4,128,6.43,90,4,android,48.0,13.0,1,2340,1080
xiaomi,Xiaomi Redmi 8 (4GB RAM + 64GB),11490,0,snapdragon,8.0,2.0,5000.0,1,4,64,6.22,60,2,android,12.0,8.0,1,1520,720
xiaomi,Xiaomi Redmi 9,8999,0,helio,8.0,2.3,5000.0,0,4,64,6.53,60,2,android,13.0,5.0,1,1600,720
xiaomi,Xiaomi Redmi 9 Activ,7499,0,helio,8.0,2.3,5000.0,0,4,64,6.53,60,2,android,13.0,5.0,1,1600,720
xiaomi,Xiaomi Redmi 9 Activ (6GB RAM + 128GB),10499,0,helio,8.0,2.3,5000.0,0,6,128,6.53,60,2,android,13.0,5.0,1,1600,720
xiaomi,Xiaomi Redmi 9 Power,11499,0,snapdragon,8.0,2.0,6000.0,1,4,64,6.53,60,4,android,48.0,8.0,1,2340,1080
xiaomi,Xiaomi Redmi 9A,6999,0,helio,8.0,2.0,5000.0,0,2,32,6.53,60,1,android,13.0,5.0,1,1600,720
xiaomi,Xiaomi Redmi 9A (6GB RAM + 128GB),10990,0,helio,8.0,2.0,5000.0,0,6,128,6.53,60,1,android,13.0,5.0,1,1600,720
xiaomi,Xiaomi Redmi 9A Sport,6499,0,helio,8.0,2.0,5000.0,0,2,32,6.53,60,1,android,13.0,5.0,1,1600,720
xiaomi,Xiaomi Redmi 9i (4GB RAM + 128GB),9299,0,helio,8.0,2.0,5000.0,1,4,128,6.53,60,1,android,13.0,5.0,1,1600,720
xiaomi,Xiaomi Redmi 9i Sport,7499,0,helio,8.0,2.0,5000.0,1,4,64,6.53,60,1,android,13.0,5.0,1,1600,720
xiaomi,Xiaomi Redmi A1,6171,0,helio,4.0,2.0,5000.0,1,2,32,6.52,60,2,android,8.0,5.0,1,1600,720
xiaomi,Xiaomi Redmi A1 Plus,7289,0,helio,4.0,2.0,5000.0,1,2,32,6.52,60,2,android,8.0,5.0,1,1600,720
xiaomi,Xiaomi Redmi A1 Plus (3GB RAM + 32GB),8399,0,helio,4.0,2.0,5000.0,1,3,32,6.52,60,2,android,8.0,5.0,1,1600,720
xiaomi,Xiaomi Redmi K50 5G,27990,1,dimensity,8.0,2.85,5500.0,1,8,128,6.67,120,3,android,48.0,20.0,0,3200,1440
xiaomi,Xiaomi Redmi K50 Ultra 5G,39999,1,snapdragon,8.0,3.2,5000.0,1,8,128,6.67,144,3,android,108.0,20.0,0,2712,1220
xiaomi,Xiaomi Redmi K50i (8GB RAM + 256GB),25999,1,dimensity,8.0,2.85,5080.0,1,8,256,6.6,144,3,android,64.0,16.0,0,2460,1080
xiaomi,Xiaomi Redmi K50i 5G,22999,1,dimensity,8.0,2.85,5080.0,1,6,128,6.6,144,3,android,64.0,16.0,0,2460,1080
xiaomi,Xiaomi Redmi K60,29990,1,snapdragon,8.0,3.2,5500.0,1,8,128,6.67,120,3,android,64.0,16.0,0,3200,1440
xiaomi,Xiaomi Redmi K60 Gaming Edition,54990,1,snapdragon,8.0,3.2,5000.0,1,8,128,6.73,120,3,android,50.0,20.0,0,3200,1440
xiaomi,Xiaomi Redmi K60 Pro,38999,1,snapdragon,8.0,3.2,5000.0,1,8,128,6.67,120,3,android,54.0,16.0,0,3200,1440
xiaomi,Xiaomi Redmi K60E,25999,1,dimensity,8.0,3.1,5500.0,1,8,128,6.67,120,3,android,48.0,20.0,0,3200,1440
xiaomi,Xiaomi Redmi K60i,28999,1,dimensity,8.0,3.1,5080.0,1,8,128,6.67,120,3,android,50.0,32.0,0,2460,1080
xiaomi,Xiaomi Redmi Note 10,13990,0,snapdragon,8.0,2.2,5000.0,1,4,64,6.43,60,4,android,48.0,13.0,1,2400,1080
xiaomi,Xiaomi Redmi Note 10 (6GB RAM + 128GB),16499,0,snapdragon,8.0,2.2,5000.0,1,6,128,6.43,60,4,android,48.0,13.0,1,2400,1080
xiaomi,Xiaomi Redmi Note 10 5G,12490,1,dimensity,8.0,2.2,5000.0,1,4,128,6.5,90,3,android,48.0,8.0,1,2400,1080
xiaomi,Xiaomi Redmi Note 10 Lite,9999,0,snapdragon,8.0,2.3,5020.0,1,4,64,6.67,60,4,android,48.0,16.0,1,2400,1080
xiaomi,Xiaomi Redmi Note 10 Lite (4GB RAM + 128GB),12499,0,snapdragon,8.0,2.3,5020.0,1,4,128,6.67,60,4,android,48.0,16.0,1,2400,1080
xiaomi,Xiaomi Redmi Note 10 Lite (6GB RAM + 128GB),11999,0,snapdragon,8.0,2.3,5020.0,1,6,128,6.67,60,4,android,48.0,16.0,1,2400,1080
xiaomi,Xiaomi Redmi Note 10 Pro (6GB RAM + 128GB),17999,0,snapdragon,8.0,2.3,5020.0,1,6,128,6.67,120,4,android,64.0,16.0,1,2400,1080
xiaomi,Xiaomi Redmi Note 10 Pro 5G,16999,1,dimensity,8.0,2.6,5000.0,1,6,128,6.6,120,3,android,64.0,16.0,1,2400,1080
xiaomi,Xiaomi Redmi Note 10 Pro Max,19999,0,snapdragon,8.0,2.3,5020.0,1,6,64,6.67,120,4,android,108.0,16.0,1,2400,1080
xiaomi,Xiaomi Redmi Note 10 Pro Max (6GB RAM + 128GB),19980,0,snapdragon,8.0,2.3,5020.0,1,6,128,6.67,120,4,android,108.0,16.0,1,2400,1080
xiaomi,Xiaomi Redmi Note 10S,10999,0,helio,8.0,2.05,5000.0,1,6,64,6.43,60,4,android,64.0,13.0,1,2400,1080
xiaomi,Xiaomi Redmi Note 10S (6GB RAM + 128GB),11999,0,helio,8.0,2.05,5000.0,1,6,128,6.43,60,4,android,64.0,13.0,1,2400,1080
xiaomi,Xiaomi Redmi Note 10S (8GB RAM + 128GB),13999,0,helio,8.0,2.05,5000.0,1,8,128,6.43,60,4,android,64.0,13.0,1,2400,1080
xiaomi,Xiaomi Redmi Note 10T 5G,12999,1,dimensity,8.0,2.2,5000.0,1,4,64,6.5,90,3,android,48.0,8.0,1,2400,1080
xiaomi,Xiaomi Redmi Note 10T 5G (6GB RAM +128GB),13999,1,dimensity,8.0,2.2,5000.0,1,6,128,6.5,90,3,android,48.0,8.0,1,2400,1080
xiaomi,Xiaomi Redmi Note 11,11936,0,snapdragon,8.0,2.4,5000.0,1,4,64,6.43,90,4,android,50.0,13.0,1,2400,1080
xiaomi,Xiaomi Redmi Note 11 (6GB RAM + 128GB),14290,0,snapdragon,8.0,2.4,5000.0,1,6,128,6.43,90,4,android,50.0,13.0,1,2400,1080
xiaomi,Xiaomi Redmi Note 11 (6GB RAM + 64GB),12188,0,snapdragon,8.0,2.4,5000.0,1,6,64,6.43,90,4,android,50.0,13.0,1,2400,1080
xiaomi,Xiaomi Redmi Note 11 5G,14990,1,dimensity,8.0,2.4,5000.0,1,4,128,6.6,90,2,android,50.0,16.0,1,2400,1080
xiaomi,Xiaomi Redmi Note 11 Pro 4G,17999,0,helio,8.0,2.05,5000.0,1,6,128,6.67,120,4,android,108.0,16.0,1,2400,1080
xiaomi,Xiaomi Redmi Note 11 Pro 5G,17990,1,snapdragon,8.0,2.2,5000.0,1,6,64,6.67,120,3,android,108.0,16.0,1,2400,1080
xiaomi,Xiaomi Redmi Note 11 Pro Max 5G,19999,1,snapdragon,8.0,2.4,5200.0,1,6,128,6.67,120,4,android,108.0,32.0,1,2400,1080
xiaomi,Xiaomi Redmi Note 11 Pro Plus 5G,19999,1,snapdragon,8.0,2.2,5000.0,1,6,128,6.67,120,3,android,108.0,16.0,1,2400,1080
xiaomi,Xiaomi Redmi Note 11 Pro Plus 5G (8GB RAM + 128GB),22700,1,snapdragon,8.0,2.2,5000.0,1,8,128,6.67,120,3,android,108.0,16.0,1,2400,1080
xiaomi,Xiaomi Redmi Note 11 Pro Plus 5G (8GB RAM + 256GB),22999,1,snapdragon,8.0,2.2,5000.0,1,8,256,6.67,120,3,android,108.0,16.0,1,2400,1080
xiaomi,Xiaomi Redmi Note 11E 5G,13990,1,dimensity,8.0,2.2,5000.0,1,4,128,6.58,90,2,android,50.0,5.0,0,2408,1080
xiaomi,Xiaomi Redmi Note 11R,12990,1,dimensity,8.0,2.2,5000.0,1,4,128,6.58,90,2,android,13.0,5.0,1,2400,1080
xiaomi,Xiaomi Redmi Note 11S,14590,0,helio,8.0,2.05,5000.0,1,6,64,6.43,90,4,android,108.0,16.0,1,2400,1080
xiaomi,Xiaomi Redmi Note 11S (6GB RAM + 128GB),15499,0,helio,8.0,2.05,5000.0,1,6,128,6.43,90,4,android,108.0,16.0,1,2400,1080
xiaomi,Xiaomi Redmi Note 11S (8GB RAM + 128GB),15824,0,helio,8.0,2.05,5000.0,1,8,128,6.43,90,4,android,108.0,16.0,1,2400,1080
xiaomi,Xiaomi Redmi Note 11SE,11999,0,helio,8.0,2.05,5000.0,1,6,64,6.43,60,4,android,64.0,13.0,1,2400,1080
xiaomi,Xiaomi Redmi Note 11T 5G,16999,1,dimensity,8.0,2.4,5000.0,1,6,64,6.6,90,2,android,50.0,16.0,1,2400,1080
xiaomi,Xiaomi Redmi Note 11T 5G (6GB RAM + 128GB),16999,1,dimensity,8.0,2.4,5000.0,1,6,128,6.6,90,2,android,50.0,16.0,1,2400,1080
xiaomi,Xiaomi Redmi Note 11T 5G (8GB RAM + 128GB),18499,1,dimensity,8.0,2.4,5000.0,1,8,128,6.6,90,2,android,50.0,16.0,1,2400,1080
xiaomi,Xiaomi Redmi Note 11T Pro 5G,19990,1,dimensity,8.0,2.85,5080.0,1,6,128,6.6,144,3,android,64.0,16.0,1,2460,1080
xiaomi,Xiaomi Redmi Note 12,17859,1,snapdragon,8.0,2.0,5000.0,1,4,128,6.67,120,3,android,48.0,13.0,1,2400,1080
xiaomi,Xiaomi Redmi Note 12 (6GB RAM + 128GB),19988,1,snapdragon,8.0,2.0,5000.0,1,6,128,6.67,120,3,android,48.0,13.0,1,2400,1080
xiaomi,Xiaomi Redmi Note 12 4G,13999,0,helio,8.0,2.2,5000.0,1,4,64,6.67,120,3,android,48.0,13.0,1,2400,1080
xiaomi,Xiaomi Redmi Note 12 Discovery Edition,26990,1,dimensity,8.0,2.6,4300.0,1,8,256,6.67,120,3,android,200.0,16.0,0,2400,1080
xiaomi,Xiaomi Redmi Note 12 Explorer,24999,1,dimensity,8.0,2.6,4300.0,1,8,256,6.67,120,3,android,200.0,16.0,1,2400,1080
xiaomi,Xiaomi Redmi Note 12 Pro (8GB RAM + 128GB),26999,1,dimensity,8.0,2.6,5000.0,1,8,128,6.67,120,3,android,50.0,16.0,0,2400,1080
xiaomi,Xiaomi Redmi Note 12 Pro (8GB RAM + 256GB),27994,1,dimensity,8.0,2.6,5000.0,1,8,256,6.67,120,3,android,50.0,16.0,0,2400,1080
xiaomi,Xiaomi Redmi Note 12 Pro 4G,14999,0,snapdragon,8.0,2.3,5000.0,1,6,128,6.67,120,3,android,50.0,16.0,0,2400,1080
xiaomi,Xiaomi Redmi Note 12 Pro 5G,24762,1,dimensity,8.0,2.6,5000.0,1,6,128,6.67,120,3,android,50.0,16.0,0,2400,1080
xiaomi,Xiaomi Redmi Note 12 Pro Max 5G,32999,1,snapdragon,8.0,2.36,5200.0,1,6,128,6.67,120,4,android,108.0,32.0,1,2460,1080
xiaomi,Xiaomi Redmi Note 12 Pro Plus,29999,1,dimensity,8.0,2.6,4980.0,1,8,256,6.67,120,3,android,200.0,16.0,0,2400,1080
xiaomi,Xiaomi Redmi Note 12 Pro Plus (12GB RAM + 256GB),32999,1,dimensity,8.0,2.6,4980.0,1,12,256,6.67,120,3,android,200.0,16.0,0,2400,1080
xiaomi,Xiaomi Redmi Note 12 Pro Plus (6GB RAM + 128GB),26999,1,dimensity,8.0,2.6,4980.0,1,6,128,6.67,120,3,android,200.0,16.0,0,2400,1080
xiaomi,Xiaomi Redmi Note 12 Turbo,19999,1,snapdragon,8.0,2.4,5000.0,1,8,128,6.67,120,3,android,50.0,16.0,0,2400,1080
xiaomi,Xiaomi Redmi Note 12T 5G,15999,1,dimensity,8.0,2.0,5000.0,1,6,64,6.52,90,3,android,64.0,16.0,1,2400,1080
xiaomi,Xiaomi Redmi Note 13 Pro 5G,17990,1,dimensity,8.0,2.0,5000.0,1,6,128,6.67,120,3,android,108.0,16.0,0,2460,1080
xiaomi,Xiaomi Redmi Note 13 Pro Max 5G,20499,1,snapdragon,8.0,2.36,5200.0,1,6,128,6.67,120,4,android,108.0,32.0,1,2460,1080
xiaomi,Xiaomi Redmi Note 4,10300,0,snapdragon,8.0,2.0,4100.0,0,4,64,5.5,60,1,android,13.0,5.0,1,1920,1080
xiaomi,Xiaomi Redmi Note 8 2021,9990,0,helio,8.0,2.0,4000.0,1,4,64,6.3,60,4,android,48.0,13.0,1,2340,1080
xiaomi,Xiaomi Redmi Note 8 Pro,16999,0,helio,8.0,2.05,4500.0,1,6,64,6.53,60,4,android,64.0,20.0,1,2340,1080
xiaomi,Xiaomi Redmi Note 9,11989,0,helio,8.0,2.0,5020.0,1,4,64,6.53,60,4,android,48.0,13.0,1,2340,1080
xiaomi,Xiaomi Redmi Note 9 Pro,13999,0,snapdragon,8.0,2.3,5020.0,1,4,64,6.67,60,4,android,48.0,16.0,1,2400,1080
xiaomi,Xiaomi Redmi Note 9 Pro (4GB RAM + 128GB),14439,0,snapdragon,8.0,2.3,5020.0,1,4,128,6.67,60,4,android,48.0,16.0,1,2400,1080
xiaomi,Xiaomi Redmi Note 9 Pro Max,16490,0,snapdragon,8.0,2.3,5020.0,1,6,64,6.67,60,4,android,64.0,32.0,1,2400,1080
